cdm_key,testcdm_key,type,summary,match_quality,notes
CDM-46,TESTCDM-1,Epic,Corporate Goals,exact,
CDM-10,TESTCDM-2,Goal,Identify 2+ New Features and/or Computational Methods to Improve Prediction Through Machine Learning and Strengthen Knowledge Base with 2+ New Patent Applications and/or Publications,exact,
CDM-12,TESTCDM-3,Goal,Achieving Partnership Goals in 2 of 3 Categories,exact,
CDM-20,TESTCDM-4,Goal,Expand Product Portfolio to Multi-Cancer and 1 Other Screening/Diagnostic Opportunities,exact,
CDM-58,TESTCDM-5,Subtask,Multi-Cancer Interim Analysis 12/31: Final Recruitment Strategy By February 2022,exact,
CDM-59,TESTCDM-6,Subtask,Multi-cancer Interim Analysis 12/31: PM IA Timeline by Mid-Year,exact,
CDM-60,TESTCDM-7,Subtask,"Multi-cancer Interim Analysis 12/31: Data Cut on September 01, 2022",exact,
CDM-61,TESTCDM-8,Subtask,Multi-cancer Interim Analysis 12/31: Data Clean Mid-October,exact,
CDM-62,TESTCDM-9,Subtask,"Multi-cancer Interim Analysis 12/31: SAP Final by September 01, 2022",exact,
CDM-63,TESTCDM-10,Subtask,TOO Work: Identify and Secure 1 TOO Partnership Agreement (USOR or MCI) by July 2022,exact,
CDM-22,TESTCDM-11,Goal,L201 FPI (by 04/30) and 25% Enrollment Complete (by 12/31),exact,
CDM-64,TESTCDM-12,Subtask,4/30 L201 FPI: EDC Database Live by March 2022,exact,
CDM-65,TESTCDM-13,Subtask,4/30 L201 FPI: 3 Sites Activated by March 2022,exact,
CDM-66,TESTCDM-14,Subtask,4/30 L201 FPI: Website Live,exact,
CDM-67,TESTCDM-15,Subtask,25% L201 Enrollment Complete: Science37 Enrolling,exact,
CDM-68,TESTCDM-16,Subtask,25% L201 Enrollment Complete: 20 Sites Activated,exact,
CDM-24,TESTCDM-17,Goal,LDT - Complete Clinical Validation and Infrastructure Readiness for LDT Launch in Q1'23 ,exact,
CDM-69,TESTCDM-18,Subtask,L101 2/3 Training in Q3: L101-NYU NC/ 2/3 LC Fully Enrolled,exact,
CDM-70,TESTCDM-19,Subtask,L101 2/3 Training in Q3: Data Clean for 2/3,exact,
CDM-71,TESTCDM-20,Subtask,L101 2/3 Training in Q3: Analysis Data Ready for Unblind,exact,
CDM-72,TESTCDM-21,Subtask,L101 2/3 Training in Q3: Classifier Locked / Results Submitted,exact,
CDM-73,TESTCDM-22,Subtask,L101 1/3 Analysis Complete: Remaining LC Fully Enrolled,exact,
CDM-74,TESTCDM-23,Subtask,L101 1/3 Analysis Complete: Data Clean for 1/3,exact,
CDM-75,TESTCDM-24,Subtask,L101 1/3 Analysis Complete: AV/CV Abstracts Submitted Q4,exact,
CDM-76,TESTCDM-25,Subtask,L101 1/3 Analysis Complete: Mock Patient Report,exact,
CDM-77,TESTCDM-26,Subtask,L101 1/3 Analysis Complete: Soft Publication Submission,exact,
CDM-44,TESTCDM-27,Goal,Hiring on Pace at >75% of Hiring Plan,exact,
CDM-78,TESTCDM-28,Subtask,Hire Research DM,exact,
CDM-79,TESTCDM-29,Epic,DELFI-L101,exact,
CDM-1,TESTCDM-30,Task,Create Projected Visits Report + Mechanism for Clinical Operations,exact,
CDM-2,TESTCDM-31,Task,"Generate Visualizations/Tables for Distributions of Sex, Age, Smoking between Cancer/Non-Cancer Subjects in L101-NYU",exact,
CDM-9,TESTCDM-32,Task,Confirm No Changes are Needed to L101 1/3 Data Cleaning Plan,exact,
CDM-18,TESTCDM-33,Task,Finalize Data Cleaning Plan or Data Snapshot Plan,exact,
CDM-40,TESTCDM-34,Subtask,Draft Data Cleaning Plan or Data Snapshot Plan,exact,
CDM-19,TESTCDM-35,Task,NYU Retrospective DTS Documents,exact,
CDM-90,TESTCDM-36,Subtask,Generate Retrospective DTS Shell,exact,
CDM-27,TESTCDM-37,Task,Approve L101 1/3 Data Release,exact,
CDM-29,TESTCDM-38,Task,Approve L101 2/3 Data Release,exact,
CDM-41,TESTCDM-39,Task,L101 Payments - Unsuccessful Blood Draw,exact,
CDM-81,TESTCDM-40,Task,Early 12 Month Follow Up Report,exact,
CDM-84,TESTCDM-41,Task,Reports to Program,exact,
CDM-88,TESTCDM-42,Subtask,Additional NYU-BLS LIMS Checks,exact,
CDM-89,TESTCDM-43,Subtask,Check to verify that NYU Screening data has associated CT scans,exact,
CDM-91,TESTCDM-44,Subtask,Report to flag datapoints buried due to in-form dynamics,exact,
CDM-93,TESTCDM-45,Subtask,"Report to check for CA.LNHISYN == ""No"" against reported CT data",exact,
CDM-114,TESTCDM-46,Subtask,CRA Monitoring Tracker for ClinOps,exact,
CDM-127,TESTCDM-47,Subtask,Non-Qualifying Enrollment CT Scans,exact,
CDM-110,TESTCDM-48,Task,Study Dashboard Updates,exact,
CDM-111,TESTCDM-49,Subtask,Priority Subject List Generation,exact,
CDM-112,TESTCDM-50,Subtask,Add Assigned CRA to Subject Summary Tab,exact,
CDM-113,TESTCDM-51,Subtask,Figure Out How to Distinguish Unclean Subjects Due to Incomplete Enrollment Visit vs Expected 12 Month Follow Up vs Incomplete 12 Month Follow Up (After Entry),exact,
CDM-128,TESTCDM-52,Task,Report Extraction Tracker Metrics,exact,
CDM-129,TESTCDM-53,Task,L101 Query Summary Report,exact,
CDM-130,TESTCDM-54,Task,Azenta Shipping Manifest Generation,exact,
CDM-131,TESTCDM-55,Subtask,Generate First Shipment,exact,
CDM-132,TESTCDM-56,Subtask,Generate Second Shipment,exact,
CDM-135,TESTCDM-57,Task,Inclusion #7 Listing for ClinOps,exact,
CDM-136,TESTCDM-58,Task,Site Payments Updates,exact,
CDM-137,TESTCDM-59,Task,Death Data Capture Clarification,exact,
CDM-138,TESTCDM-60,Task,CDM - L101 Medrio Database Update v.12,exact,
CDM-152,TESTCDM-61,Task,DELFI-L101 12 Month Cancer Status Review,exact,
CDM-191,TESTCDM-62,Subtask,DELFI-L101 12 Month Cancer Outcomes Review Update,exact,
CDM-253,TESTCDM-63,Subtask,DELFI-L101: 12 Month Cancer Outcomes Review,exact,
CDM-255,TESTCDM-64,Subtask,Typo fix: File Deletion Required?,collision-resolved,"shared summary with 1 other(s); picked lowest unused: CDM-255 from ['CDM-255', 'CDM-256']"
CDM-273,TESTCDM-65,Subtask,Add Subject Disposition form status and remove subjects that have completed required forms,exact,
CDM-409,TESTCDM-66,Subtask,Remove duplicate records from listing,exact,
CDM-427,TESTCDM-67,Subtask,"Update ""Ready for Review"" column to include site 300",exact,
CDM-447,TESTCDM-68,Subtask,Add Staging Type column,exact,
CDM-547,TESTCDM-69,Subtask,Update Review Ready variable to remove Report and CRF SDV requirement,collision-resolved,"shared summary with 1 other(s); picked lowest unused: CDM-547 from ['CDM-547', 'CDM-549']"
CDM-550,TESTCDM-70,Subtask,Add new fields from 12 Month Medical Record Review eCRF for review,exact,
CDM-154,TESTCDM-71,Task,DELFI-L101 Data Quality Review Manager Updates,exact,
CDM-155,TESTCDM-72,Task,DELFI-L101 Blood Sample Collection Pathology Dates Error Checking,exact,
CDM-167,TESTCDM-73,Task,DELFI-L101 Adverse Event Review,exact,
CDM-181,TESTCDM-74,Task,DELFI-L101 Unassigned Cohort Review,exact,
CDM-243,TESTCDM-75,Subtask,DELFI-L101: Unassigned Cohort Review,exact,
CDM-324,TESTCDM-76,Subtask,Bug: Fix duplicate records for Unassigned Cohort Review listing,exact,
CDM-557,TESTCDM-77,Subtask,Add Cohort Indeterminate Cases to track conversion to the alternative workflow,exact,
CDM-579,TESTCDM-78,Subtask,Update ClinOps Reviwer columns to CDM Reviewer columns,exact,
CDM-185,TESTCDM-79,Task,DELFI-L101 CRA Metrics Summary ,exact,
CDM-399,TESTCDM-80,Subtask,Add percent totals for imv report metrics,exact,
CDM-401,TESTCDM-81,Subtask,Add grand total row for all columns,exact,
CDM-407,TESTCDM-82,Subtask,Add upcoming and overdue columns for Counts of Report Status columns ,exact,
CDM-596,TESTCDM-83,Subtask,Update CRA Metrics function for DELFI-L101 Monitoring Visit & Visit Report Tracker link  ,exact,
CDM-186,TESTCDM-84,Task,DELFI-L101 Priority Subjects Tracker,exact,
CDM-356,TESTCDM-85,Subtask,DELFI-L101: Priority Subject Tracker - remove duplicates & update filter reference,exact,
CDM-402,TESTCDM-86,Subtask,Medical Monitoring / ClinOps Pending Data Quality Reviews should not show dqr counts that are not ready for review,exact,
CDM-404,TESTCDM-87,Subtask,Include all site 102 and site 119 subjects to the priority review listing,exact,
CDM-410,TESTCDM-88,Subtask,Bug fix: remove duplicates causing mutate function to fail,exact,
CDM-451,TESTCDM-89,Subtask,Add Evaluation Column to the tracker,exact,
CDM-497,TESTCDM-90,Subtask,Bug fix: gen_ret_status_counts function,exact,
CDM-573,TESTCDM-91,Subtask,"Update the ""Report Extraction Status (Enrollment)"" & ""Report Extraction Status (12 Month)"" to note when all reports are extracted or no report is available",exact,
CDM-574,TESTCDM-92,Subtask,Update dqr review status column for MM and ClinOps,exact,
CDM-575,TESTCDM-93,Subtask,Add page status listing of premier sites,exact,
CDM-576,TESTCDM-94,Subtask,add query reports,exact,
CDM-582,TESTCDM-95,Subtask,Update premier page status listing columns,exact,
CDM-592,TESTCDM-96,Subtask,update clinops review to cdm reviews,exact,
CDM-604,TESTCDM-97,Subtask,Remove role dependent assignment mutate statements,exact,
CDM-189,TESTCDM-98,Task,DELFI-L101 Site Payment Updates for Site 121 & 153,exact,
CDM-192,TESTCDM-99,Task,DELFI-L101 BUG Fix - CRA Metrics Summary ,exact,
CDM-196,TESTCDM-100,Task,DELFI-L101 Review Protocol Deviations & Manual Exclusions in Preparation for MCED IA Sample Selection,exact,
CDM-199,TESTCDM-101,Task,Review L101 pipeline code for protocol amendment 5 changes,exact,
CDM-206,TESTCDM-102,Subtask,DELFI-L101 Generate component datasets for BC_MSK & IC_MSK,exact,
CDM-208,TESTCDM-103,Subtask,DELFI-L101 Export CRF Data,exact,
CDM-209,TESTCDM-104,Subtask,DELFI-L101 EDC LIMS Reconciliation - Incorporate MSK Data,exact,
CDM-210,TESTCDM-105,Subtask,DELFI-L101 Export CRF Metadata - Incorporate MSK Data,exact,
CDM-211,TESTCDM-106,Subtask,DELFI-L101 Cancer Status Review - Incorporate MSK Data,exact,
CDM-212,TESTCDM-107,Subtask,DELFI-L101 12 Month Cancer Outcomes Review - Incorporate MSK Data,exact,
CDM-214,TESTCDM-108,Subtask,DELFI-L101 Inclusion 2-4 Review - Incorporate MSK Data,exact,
CDM-215,TESTCDM-109,Subtask,DELFI-L101 Inclusion 5 Review - Incorporate MSK Data,exact,
CDM-216,TESTCDM-110,Subtask,DELFI-L101 Export CRF Data ic_subjects.tsv,exact,
CDM-217,TESTCDM-111,Subtask,DELFI-L101 Exclusion 1 Review - Incorporate MSK Data,exact,
CDM-218,TESTCDM-112,Subtask,DELFI-L101 Exclusion 2 Review - Incorporate MSK Data,exact,
CDM-219,TESTCDM-113,Subtask,DELFI-L101 	 Medrio Calculated Values - Incorporate MSK Data,exact,
CDM-220,TESTCDM-114,Subtask,DELFI-L101 Blood Sample Collection Pathology Dates - Incorporate MSK Data,exact,
CDM-221,TESTCDM-115,Subtask,DELFI-L101 Report Extraction Date Verification - Incorporate MSK Data,exact,
CDM-222,TESTCDM-116,Subtask,DELFI-L101 Inclusion 7 Review - Incorporate MSK Data,exact,
CDM-223,TESTCDM-117,Subtask,DELFI-L101 Protocol Deviation Review - Incorporate MSK Data,exact,
CDM-242,TESTCDM-118,Subtask,DELFI-L101: Incorporate MSK subjects into Non-Cancer Status Review,exact,
CDM-203,TESTCDM-119,Task,DELFI-L101 Sample Timeline Outputs,exact,
CDM-205,TESTCDM-120,Task,DELFI-L101 Subject Information - Add MCED IA Subjects With Selected Samples,exact,
CDM-207,TESTCDM-121,Subtask,Add Samples_Selected_2022_MCED_IA column to CPT,exact,
CDM-229,TESTCDM-122,Task,DELFI-L101 Exclusion 2 Review,exact,
CDM-231,TESTCDM-123,Task,DELFI-L101: Update Subject Info evaluation for ldt validation,exact,
CDM-232,TESTCDM-124,Task,DELFI-L101: Site Payments ,collision-resolved,"shared summary with 1 other(s); picked lowest unused: CDM-232 from ['CDM-232', 'CDM-316']"
CDM-254,TESTCDM-125,Task,DELFI-L101: Report Extraction Date Verification,exact,
CDM-256,TESTCDM-126,Subtask,Typo fix: File Deletion Required?,collision-resolved,shared summary with 1 other(s); picked first unused
CDM-259,TESTCDM-127,Task,DELFI-L101: Projected 12 Month Follow Up Visit Report,exact,
CDM-262,TESTCDM-128,Task,DELFI-L101 Clean Patient Tracker,exact,
CDM-227,TESTCDM-129,Subtask,DELFI-L101: Clean Patient Tracker - Update Evaluation and Priority Column,exact,
CDM-233,TESTCDM-130,Subtask,DELFI-L101: Update FU12_Expected data to 14-Feb-2023,exact,
CDM-238,TESTCDM-131,Subtask,DELFI-L101: Clean Patient Tracker - add LDT Testing Subject List - Monitoring & Cleaning column,exact,
CDM-279,TESTCDM-132,Subtask,Update Samples_Selected_2022_MCED_IA with AV_Cross_Reactivity_Subject_List in CPT,exact,
CDM-230,TESTCDM-133,Subtask,DELFI-L101: Clean Patient Tracker - Update Expected_FU,exact,
CDM-313,TESTCDM-134,Subtask,Update Priority_LDT_Train variable to reference FU_12M_Expected_LDT_Training instead of FU_12M_Expected,exact,
CDM-314,TESTCDM-135,Subtask,Update Clean Status values to show if FU data is missing for more than for weeks past expected date  ,exact,
CDM-315,TESTCDM-136,Subtask,"Deprecate/Hide columns: ""LDT Testing Subject List - Monitoring and Cleaning"" & ""AV 2023 Samples?""",exact,
CDM-357,TESTCDM-137,Subtask,Update 'Clean Status' for withdrawn subjects,exact,
CDM-358,TESTCDM-138,Subtask,Update Priority column values,exact,
CDM-382,TESTCDM-139,Subtask,Update priority column to include Cohort C subjects,exact,
CDM-386,TESTCDM-140,Subtask,Add 'Cleaning Metrics' sheet to CPT to summarize 2023 cleaning goals progress,exact,
CDM-419,TESTCDM-141,Subtask,Update priority column for end of year milestones 2023,exact,
CDM-420,TESTCDM-142,Subtask,Update cleaning metrics sheet based on end of year milestones 2023,exact,
CDM-431,TESTCDM-143,Subtask,Add cleaning metrics for the L101 V1 Rerun participants ,exact,
CDM-434,TESTCDM-144,Subtask,Add new priority for Cohort A subjects included in CT,exact,
CDM-435,TESTCDM-145,Subtask,"Update Clean_Status_FU derivation so that L101 V1 Rerun participants enrolled after 31Oct2022 are no longer labeled ""Not Applicable""",exact,
CDM-440,TESTCDM-146,Subtask,Evaluation Column: Remove references to OCT 31,exact,
CDM-444,TESTCDM-147,Subtask,Cleaning Metrics Tab: Remove 2023 EOY Goal related metric columns & Add in Overall Clean Metrics for L101 V1 Rerun release,exact,
CDM-445,TESTCDM-148,Subtask,Update priority column to remove EOY Goal priorities,exact,
CDM-455,TESTCDM-149,Subtask,Update Clean_Status_FU remove reference to Evaluation,exact,
CDM-460,TESTCDM-150,Subtask,Update Evaluation column and cleaning metrics to include LDT CT/CV participants,exact,
CDM-461,TESTCDM-151,Subtask,Add function to clear the Subject Summary sheet before writing out updated table,exact,
CDM-464,TESTCDM-152,Subtask,Update Evaluation Column and Priority Column,exact,
CDM-465,TESTCDM-153,Subtask,Update Cleaning Metrics to remove L101 Rerun and LDT CT-CV sections,exact,
CDM-466,TESTCDM-154,Subtask,Create Cohort C Cleaning Metrics sheet,exact,
CDM-487,TESTCDM-155,Subtask,Update Evaluation Column for CV Q3 2024 release,exact,
CDM-488,TESTCDM-156,Subtask,Update Clean Status column: Not expected blood sample collection should not impact clean status,exact,
CDM-489,TESTCDM-157,Subtask,Create cleaning metrics for the CV Q3 2024 release,exact,
CDM-490,TESTCDM-158,Subtask,Update evaluation column to include sites that are closing out,exact,
CDM-491,TESTCDM-159,Subtask,Add Follow-up Expected date to 27JUL24,exact,
CDM-495,TESTCDM-160,Subtask,Update Clean Status Column to reference new expected follow-up date,exact,
CDM-496,TESTCDM-161,Subtask,Update Cleaning Metrics - CVQ3_L101 to include % of cases with at lease 1 evaluable aliquot,exact,
CDM-498,TESTCDM-162,Subtask,Update evaluations column to reference final sample selection listing from CDS,exact,
CDM-499,TESTCDM-163,Subtask,Add combined cleaning metrics table for CVQ3 participants,exact,
CDM-501,TESTCDM-164,Subtask,Update priority column to reference upcoming site visit schedule,exact,
CDM-510,TESTCDM-165,Subtask,"Update Evaluation Column, Priority Column, and Add Cleaning Metrics table for site closure and cro onboarding",exact,
CDM-533,TESTCDM-166,Subtask,Remove NYU FANSS participants from populating CPT,exact,
CDM-558,TESTCDM-167,Subtask,Update CRO Sites Transition & Site Closures google sheet url,exact,
CDM-561,TESTCDM-168,Subtask,"Update Priority Column to incorporate ""Premier IMV Date"" column from the DELFI-L101: Site Management Tracker.",exact,
CDM-565,TESTCDM-169,Subtask,Update CPT Metrics for CV 2025 and Database Lock,exact,
CDM-595,TESTCDM-170,Subtask,Update DELFI-L101 Monitoring Visit & Visit Report Tracker link,exact,
CDM-600,TESTCDM-171,Subtask,Update Overall Clean Status for participants without Blood Samples,exact,
CDM-602,TESTCDM-172,Subtask,Update dt_CPT_Site (CPT Site Summary sheet) clean columns so that the status includes all participants,exact,
CDM-603,TESTCDM-173,Subtask,Update clean status for participants with samples without volume,exact,
CDM-606,TESTCDM-174,Subtask,Update clean status for samples that were shipped but did not arrive at Azenta,exact,
CDM-607,TESTCDM-175,Subtask,Update clean status for participants that were withdrawn but did not complete the blood sample collection eCRF,exact,
CDM-269,TESTCDM-176,Task,DELFI-L101: Posit Connect CDM Pipeline Development,exact,
CDM-278,TESTCDM-177,Task,DELFI-L101 Subject Information Table,exact,
CDM-263,TESTCDM-178,Subtask,Update FU date references from 14FEB2023 to 08MAR2023 & 31MAR2023,exact,
CDM-276,TESTCDM-179,Subtask,Update 'Evaluation' column for LDT Validation ,exact,
CDM-277,TESTCDM-180,Subtask,Update 'AV 2023 Samples?' column to only include Cohort C ,exact,
CDM-290,TESTCDM-181,Subtask,Update 'AV 2023 Samples?' column to include CDS derived variable group for AV subjects,exact,
CDM-291,TESTCDM-182,Subtask,Update FU_12M_Expected variable to include CDS derived variable group for AV subjects,exact,
CDM-292,TESTCDM-183,Subtask,Update Evaluation variable to include CDS derived variable group for AV subjects,exact,
CDM-310,TESTCDM-184,Subtask,Update FU date reference 31OCT2023,exact,
CDM-311,TESTCDM-185,Subtask,Update FU_12M_Expected & Evaluation variables for Q4 2023 cleaning activities,exact,
CDM-312,TESTCDM-186,Subtask,Update Evaluation variable to include all subjects with value based on enrollment date,exact,
CDM-428,TESTCDM-187,Subtask,Update Evaluation variable to identify L101 V1 Re-Run subject list,exact,
CDM-441,TESTCDM-188,Subtask,Update blood_collection_date to new variable name BCDAT,exact,
CDM-454,TESTCDM-189,Subtask,Update FU_12M_Expected variable for March 22nd data release date,exact,
CDM-462,TESTCDM-190,Subtask,Update the export_clinical_data file to include the newly added blood collection fields,exact,
CDM-571,TESTCDM-191,Subtask,Update Evaluation to include all CRO sites ,exact,
CDM-286,TESTCDM-192,Task,DELFI-L101: Site 120 12 Month Internal Form Data Entry Check,exact,
CDM-327,TESTCDM-193,Subtask,Update output to prod file and add distinct() function to google sheet read in function,exact,
CDM-289,TESTCDM-194,Task,DELFI-L101: Subject Transfer - Site 104 to Site 119,exact,
CDM-322,TESTCDM-195,Subtask,Apply data quality review and report review records for subjects transferred from Site 104 to Site 119,exact,
CDM-297,TESTCDM-196,Task,DELFI-L101-NYU Screening Data Pipeline Scripts,exact,
CDM-298,TESTCDM-197,Subtask,Update pipeline scripts for data extraction,collision-resolved,"shared summary with 1 other(s); picked lowest unused: CDM-298 from ['CDM-298', 'CDM-300']"
CDM-299,TESTCDM-198,Task,DELFI-L101-NYU Bronchoscopy Data Pipeline Scripts,exact,
CDM-300,TESTCDM-199,Subtask,Update pipeline scripts for data extraction,collision-resolved,shared summary with 1 other(s); picked first unused
CDM-301,TESTCDM-200,Task,DELFI-L101-NYU Surgery Data Pipeline Scripts,collision-resolved,"shared summary with 1 other(s); picked lowest unused: CDM-301 from ['CDM-301', 'CDM-302']"
CDM-302,TESTCDM-201,Task,DELFI-L101-NYU Surgery Data Pipeline Scripts,collision-resolved,shared summary with 1 other(s); picked first unused
CDM-303,TESTCDM-202,Subtask,Update Cohort Assignment Review Listing,exact,
CDM-316,TESTCDM-203,Task,DELFI-L101: Site Payments,collision-resolved,shared summary with 1 other(s); picked first unused
CDM-317,TESTCDM-204,Subtask,Update Payments Tracker sheet to include all payment events,exact,
CDM-381,TESTCDM-205,Subtask,Update Payment Tracker RE_FU and Follow-Up Payment column derivations,exact,
CDM-383,TESTCDM-206,Subtask,Add DELFI-L101: Site Payments to the cdm_monorepo ,exact,
CDM-422,TESTCDM-207,Subtask,Replace UAT google sheets with Production google sheets ,exact,
CDM-319,TESTCDM-208,Task,"L101: Update export_clean_patient_tracker() to remove ""Priority"" and ""LDT Train 2022 Samples?"" columns.",exact,
CDM-320,TESTCDM-209,Task,L101 add Priority column for the LDT validation cleaning efforts to the export_clean_patient_tracker() ,exact,
CDM-333,TESTCDM-210,Task,DELFI-L101: Prior Cancer History & FU Cancer Review,exact,
CDM-360,TESTCDM-211,Subtask,Correct function name for the Prior Cancer History & FU Cancer Review,exact,
CDM-363,TESTCDM-212,Subtask,DELFI-L101: Prior Cancer History & FU Cancer Review: Update s3 file output locations to DQR folders,exact,
CDM-364,TESTCDM-213,Subtask,DELFI-L101: Prior Cancer History & FU Cancer Review - s3 output file creates a new row in the table for cells that have a line return character,exact,
CDM-400,TESTCDM-214,Subtask,"Re-apply dropped ""ClinOps Reviewer Date""",exact,
CDM-452,TESTCDM-215,Subtask,Update listing to only include 12 Month Medical Record Reviews completed and SDV'd by July 14th 2023,exact,
CDM-338,TESTCDM-216,Task,DELFI-L101: Chest CT Scan Type Reconciliation Review,exact,
CDM-341,TESTCDM-217,Task,DELFI-L101:  Pending Discontinuation Review,exact,
CDM-213,TESTCDM-218,Subtask,DQR Listing: Subjects Pending Discontinuation,exact,
CDM-252,TESTCDM-219,Subtask,DELFI-L101: Pending Discontinuation Review - Remove Pending Report Extraction Derivation,exact,
CDM-240,TESTCDM-220,Subtask,DELF-L101: Pending Discontinuation Review update,exact,
CDM-342,TESTCDM-221,Subtask,DELFI-L101: Pending Discontinuation Review - remove duplicate rows,exact,
CDM-414,TESTCDM-222,Subtask,"Subject 124-001 is pulling in the Unscheduled Visit ""Blood Sample Collection"" eCRF instead of Enrollment Visit eCRF",exact,
CDM-343,TESTCDM-223,Task,DELFI-L101 LDT Training & Validation Clean Status List Generation,exact,
CDM-348,TESTCDM-224,Task,DELFI-L101: Cancer Status Review,exact,
CDM-198,TESTCDM-225,Subtask,DELFI-L101 BUG FIX: Cancer Status Review ,exact,
CDM-235,TESTCDM-226,Subtask,DELFI-L101 Cancer Status Review - fix typo in filter statement,exact,
CDM-403,TESTCDM-227,Subtask,"Add ""Staging Type"" variable to the Cancer Status Review",exact,
CDM-424,TESTCDM-228,Subtask,"Update ""Ready for Review"" column to include site 300 and cohort a edge cases ",exact,
CDM-459,TESTCDM-229,Subtask,Update Ready for Review column for Cohort A participants,exact,
CDM-549,TESTCDM-230,Subtask,Update Review Ready variable to remove report and crf SDV requirement,collision-resolved,shared summary with 1 other(s); picked first unused
CDM-548,TESTCDM-231,Subtask,Add new fields from cohort assignment eCRF for review,exact,
CDM-593,TESTCDM-232,Subtask,"Add Subject Status, Reason for withdrawal, Inclusion/Exclusion Met, and Sample Collection Performed columns",exact,
CDM-349,TESTCDM-233,Task,DELFI-L101: Non-Cancer Status Review,exact,
CDM-578,TESTCDM-234,Subtask,"Add ""Imaging Type"" to Non-Cancer Status Review",exact,
CDM-350,TESTCDM-235,Task,DELFI-L101: EDC vs LIMS Reconciliation,exact,
CDM-388,TESTCDM-236,Subtask,Bug fix: `Aliquot Suffix` read in as a list,exact,
CDM-563,TESTCDM-237,Subtask,Add gcptools function to clear sheet prior to write function,exact,
CDM-572,TESTCDM-238,Subtask,dt_crf_lims_5() generating a list during tidyr pivot function,exact,
CDM-351,TESTCDM-239,Task,DELFI-L101: Inclusion #2-4 Review,exact,
CDM-352,TESTCDM-240,Task,DELFI-L101: Inclusion #5 Review,exact,
CDM-470,TESTCDM-241,Subtask,Add remove_duplicates to gcptools gs_read function to remove duplicate records,exact,
CDM-353,TESTCDM-242,Task,DELFI-L101: Medrio Calculated Values,exact,
CDM-365,TESTCDM-243,Task,DELFI-L101: AFT Report ,exact,
CDM-405,TESTCDM-244,Subtask,Add Cohort Assignment and Cancer Type,exact,
CDM-507,TESTCDM-245,Subtask,Fix aft report generation to include gcptools and awstools,exact,
CDM-393,TESTCDM-246,Task,DELFI-L101: LIMS Lab Derived Data Table,exact,
CDM-394,TESTCDM-247,Subtask,Read surf files as parquet type instead of .tsv,exact,
CDM-395,TESTCDM-248,Task,DELFI-L101: Monitoring Visit & Visit Report Tracker - IMV Report Metrics,exact,
CDM-398,TESTCDM-249,Task,DELFI-L101: Adhoc request - MM review of scan type variable for Cohort A subjects,exact,
CDM-412,TESTCDM-250,Task,DELFI-L101: Remove duplicates from all google sheet data quality review read in functions,exact,
CDM-436,TESTCDM-251,Task,DELFI-L101 V1 Rerun Clean Status List Generation ,exact,
CDM-437,TESTCDM-252,Subtask,DELFI-L101 V1 Rerun Clean Status List Generation 08DEC2023,exact,
CDM-443,TESTCDM-253,Subtask,DELFI-L101 V2 Rerun L101 V1 Rerun (Second Informal Release) Clean Status List Generation 02JAN2024,exact,
CDM-463,TESTCDM-254,Subtask,DELFI-L101 V2 Rerun L101 V1 Rerun (Formal Release) Clean Status List Generation 17APR2024,exact,
CDM-442,TESTCDM-255,Task,DELFI-L101: Chest CT Scan Type Cohort Indeterminate Reconciliation,exact,
CDM-502,TESTCDM-256,Subtask,Create a new sheet to track the Chest CT Scan type for Cohort B participants in the L101 CV Q3 2024 release.,exact,
CDM-448,TESTCDM-257,Task,DELFI-L101: Lung Cancer TNM vs Stage Review,exact,
CDM-453,TESTCDM-258,Subtask,Add ADCH derived cancer stage column,exact,
CDM-456,TESTCDM-259,Subtask,Add cases missing overall stage and m score for review,exact,
CDM-556,TESTCDM-260,Subtask,DELFI-L101 Lung Cancer Diagnosis TNM & Stage Review: Remove Evaluation from final join ,exact,
CDM-581,TESTCDM-261,Subtask,"Add M1 and M1d to ""Derived Cancer Stage (Based on TNM)"" column as ""IV""",exact,
CDM-457,TESTCDM-262,Task,DELFI-L101: Buried Data Field Report,exact,
CDM-458,TESTCDM-263,Subtask,Update join function to allow for empty tables,exact,
CDM-599,TESTCDM-264,Subtask,Include STAGETYP field and update write out length,exact,
CDM-493,TESTCDM-265,Task,Medrio variables to be added to clinical_l101datar ,exact,
CDM-494,TESTCDM-266,Subtask,Add MUPRDIAG to clinical_l101datar pipeline,exact,
CDM-528,TESTCDM-267,Subtask,Add new fields from Medrio v21 update,exact,
CDM-503,TESTCDM-268,Task,DELFI-L101: Chest CT Scan Type CV Q3 2024 Review,exact,
CDM-504,TESTCDM-269,Subtask,Refactor code for CV_Q3_2024 scan type review,exact,
CDM-555,TESTCDM-270,Subtask,DELFI-L101: Chest CT Scan Type CV Q3 2024 Review - Remove Evaluation from final join ,exact,
CDM-509,TESTCDM-271,Task,DELFI-L101 CV Q3 2024 Clean Subjects List Generation,exact,
CDM-525,TESTCDM-272,Task,DELFI-L101: GRN Report,exact,
CDM-546,TESTCDM-273,Task,DELFI-L101: Premier Report Extraction Adhoc report,exact,
CDM-566,TESTCDM-274,Task,DELFI-L101: Protocol Deviation Review,exact,
CDM-567,TESTCDM-275,Subtask,Upload Premier Deviation records to the DELFI-L101 s3 location ,exact,
CDM-568,TESTCDM-276,Subtask,Update the Protocol Deviation Review to include pd's identified by premier for cross-functional team review. ,exact,
CDM-569,TESTCDM-277,Task,DELFI-L101: Report Extraction Tracker,exact,
CDM-570,TESTCDM-278,Subtask,Add priority column into the Report Extraction Tracker,exact,
CDM-577,TESTCDM-279,Subtask,Add Premier Review Columns,exact,
CDM-580,TESTCDM-280,Task,DELFI-L101: Request to refrain aliquot shipment - Participant List,exact,
CDM-591,TESTCDM-281,Task,DELFI-L101: Data Quality Review Manager - Replace ClinOps reviews with CDM Reviews,exact,
CDM-80,TESTCDM-282,Epic,DELFI-L201,exact,
CDM-6,TESTCDM-283,Task,Science37 Integration With Rave Tested and Approved,exact,
CDM-7,TESTCDM-284,Task,L201 CRF Approval,exact,
CDM-26,TESTCDM-285,Task,L201 Initial CDMP April 2022,exact,
CDM-92,TESTCDM-286,Task,Create a spreadsheet for all forms/fields in L201 to facilitate a meeting for critical variables to SDV,exact,
CDM-122,TESTCDM-287,Task,EDC Build v2.0,exact,
CDM-123,TESTCDM-288,Subtask,Edit Check Specifications,exact,
CDM-124,TESTCDM-289,Subtask,tSDV Specifications,exact,
CDM-125,TESTCDM-290,Subtask,SUAT,exact,
CDM-133,TESTCDM-291,Task,Validation for DELFI-L201 Smoking History Calculator v1.0,exact,
CDM-144,TESTCDM-292,Task,EDC vs LIMS Reconciliation Report,exact,
CDM-234,TESTCDM-293,Subtask,Update L201 EDC LIMS Reconciliation for Character Values in BCSPID# Fields,exact,
CDM-145,TESTCDM-294,Task,L201 Clean Patient Tracker Development,exact,
CDM-397,TESTCDM-295,Subtask,Remove Pages write out to gsheets for CPT,exact,
CDM-411,TESTCDM-296,Subtask,Add logic for 4MFU and 12MFU Clario Data,exact,
CDM-543,TESTCDM-297,Subtask,L201 CPT New Requests x6,exact,
CDM-560,TESTCDM-298,Subtask,"Records are appearing for invalid participant IDs, duplicate records where one is not a valid record, etc. ",exact,
CDM-562,TESTCDM-299,Subtask,General Comments Form should not be counted in Incomplete Pages column in the CPT.,exact,
CDM-645,TESTCDM-300,Subtask,"Add additional columns for LTFU visit dates, logic for 12 month Not Applicable forms, and Site Level summary sheet",exact,
CDM-667,TESTCDM-301,Subtask,Add unresolved queries sheet and pending sdv pages sheet,exact,
CDM-668,TESTCDM-302,Subtask,Create clean status column for threshold requirements based on the Clinical Data Cleaning Plan,exact,
CDM-670,TESTCDM-303,Subtask,Investigate and remove participants without eval flags from CPT,exact,
CDM-674,TESTCDM-304,Subtask,Add LTFU D912 completion / data entry status columns to CPT,exact,
CDM-682,TESTCDM-305,Subtask,"Remove site 1047, 1009, 1045 from Threshold Analysis flag",exact,
CDM-683,TESTCDM-306,Subtask,Add Overall Clean Status column & Clean metrics table,exact,
CDM-684,TESTCDM-307,Subtask,Sites 1009 and 1045 are closing early and should not be included in the LTFUV D912 expected flag,exact,
CDM-685,TESTCDM-308,Subtask,Sites 1009 and 1045 are closing early and did not implement protocol v4 and therefore should be considered clean even if the medical history fields are not completed.,exact,
CDM-687,TESTCDM-309,Subtask,Add Pages Requiring PI Signature to Clean Patient Tracker,exact,
CDM-688,TESTCDM-310,Subtask,Remove site 1047 from the site filter for the threshold analysis flag,exact,
CDM-689,TESTCDM-311,Subtask,Remove Pending PI Signature Pages from clean status column derivation,exact,
CDM-690,TESTCDM-312,Subtask,Update Subjects sheet to include Overall Status columns,exact,
CDM-691,TESTCDM-313,Subtask,Update LTFU Clean Status to Account for Sub-Solid Nodule Subjects,exact,
CDM-694,TESTCDM-314,Subtask,Update ltfu_expected_flag in the CPT so that lung cancer diagnoses are noted as not requiring LTFU Visits,exact,
CDM-695,TESTCDM-315,Subtask,Add columns to the Sites sheet that summarizes counts and percents of the LTFU Visit Completion Cases,exact,
CDM-146,TESTCDM-316,Task,"DELFI-L201 Inclusion 2, 3, 4 Review ",exact,
CDM-147,TESTCDM-317,Task,4 Month Follow-Up Visit Tracking,exact,
CDM-148,TESTCDM-318,Task,DELFI-L201 Inclusion 5 Review,exact,
CDM-267,TESTCDM-319,Subtask,Update Inclusion 5 Review Logic,exact,
CDM-370,TESTCDM-320,Subtask,Add Additional Fields to Inclusion 5 Listing,exact,
CDM-473,TESTCDM-321,Subtask,DQR Listings - L201 Add consent date to listing,exact,
CDM-149,TESTCDM-322,Task,Validation for DELFI-L201 Smoking History Calculator v2.0,exact,
CDM-150,TESTCDM-323,Task,DELFI-L201 Exclusion 1 Review,exact,
CDM-264,TESTCDM-324,Subtask,DQR: Exclusion 1 Review - handle duplicate records in raw data,exact,
CDM-151,TESTCDM-325,Task,DELFI-L201 Exclusion 2 Review,exact,
CDM-265,TESTCDM-326,Subtask,DQR: Exclusion 2 Review - handle duplicate records in raw data,exact,
CDM-158,TESTCDM-327,Task,DELFI-L201 Participant Disposition,exact,
CDM-619,TESTCDM-328,Subtask,DELFI-L201 Participant Disposition Review: Fix duplicate record issue,exact,
CDM-159,TESTCDM-329,Task,DELFI-L201 Data Quality Review Manager,exact,
CDM-288,TESTCDM-330,Subtask,Add Duplication Check Logic to DQRM,exact,
CDM-162,TESTCDM-331,Task,EDC-LIMS Reconciliation Update,exact,
CDM-163,TESTCDM-332,Task,Functionalizing l201_dqr_listings for l201datar pipeline,exact,
CDM-164,TESTCDM-333,Task,L201 Subject Validity Verification,exact,
CDM-165,TESTCDM-334,Task,DELFI-L201 Clario Workflow Status Metrics,exact,
CDM-166,TESTCDM-335,Task,DELFI-L201 EDC Page Status Metrics,exact,
CDM-260,TESTCDM-336,Subtask,Update edc_crf_metadata_summarize_page_data() to adjust pending_sdv,exact,
CDM-266,TESTCDM-337,Subtask,Update Expected SDV to only be assessed for Entered Pages,exact,
CDM-306,TESTCDM-338,Subtask,Assign Tier 1 when tSDV does not assign a tier,exact,
CDM-168,TESTCDM-339,Task,DELFI-L201 Consent Review Listing,exact,
CDM-236,TESTCDM-340,Subtask,Add SDV Status of Consent Form into Listing,exact,
CDM-239,TESTCDM-341,Subtask,Reorder Fields for Easier Review,exact,
CDM-250,TESTCDM-342,Subtask,Update SDV Status Logic,exact,
CDM-274,TESTCDM-343,Subtask,Update SDV Status Logic - account for metric lag for newly entered data,exact,
CDM-287,TESTCDM-344,Subtask,Bug: Fix duplicate records of Consent Listing,exact,
CDM-472,TESTCDM-345,Subtask,DQR Listings - L201 Add Consent Version,exact,
CDM-169,TESTCDM-346,Task,DELFI-L201 AE Listing,exact,
CDM-171,TESTCDM-347,Task,DELFI-L201 Subject Usability Table,exact,
CDM-172,TESTCDM-348,Task,L201 Rave EDC Data Entry Metrics,exact,
CDM-246,TESTCDM-349,Subtask,[Bug Fix] Expected Visit Date Calculation for 12 Month Follow-Up Visit,exact,
CDM-174,TESTCDM-350,Task,DELFI-L201 Subject Information Table,exact,
CDM-643,TESTCDM-351,Subtask,Add new columns to subject information table,exact,
CDM-644,TESTCDM-352,Subtask,DELFI-L201 Clean Patient Tracker - edc page status development,exact,
CDM-681,TESTCDM-353,Subtask,update subsolid_nodule_flag with ADSL SSNFL variable,exact,
CDM-176,TESTCDM-354,Task,DELFI-L201 EDC Query Status,exact,
CDM-177,TESTCDM-355,Task,L201 EDC Query Metrics,exact,
CDM-178,TESTCDM-356,Task,DELFI-L201 CT Scan Review,exact,
CDM-179,TESTCDM-357,Task,DELFI-L201 Blood Specimen Collection Review,exact,
CDM-280,TESTCDM-358,Subtask,Fix duplication of rows in Blood Specimen Collection Listing,exact,
CDM-180,TESTCDM-359,Task,DELFI-L201 tSDV Module Monitoring,exact,
CDM-182,TESTCDM-360,Task,L201 Rave EDC SDV Metrics,exact,
CDM-184,TESTCDM-361,Task,DELFI-L201 Derived Clario Workflow Data,exact,
CDM-413,TESTCDM-362,Subtask,Add 4MFU and 12MFU Derived Clario Workflow Data,exact,
CDM-187,TESTCDM-363,Task,DELFI-L201 S37 Integration Data Change Activity Monitoring,exact,
CDM-193,TESTCDM-364,Task,DELFI-L201 Projected 4 Month Follow-Up Listing,exact,
CDM-194,TESTCDM-365,Task,DELFI-L201 Suspicious Nodule Listing,exact,
CDM-195,TESTCDM-366,Task,DELFI-L201 PPD Report,exact,
CDM-245,TESTCDM-367,Subtask,Update Rave EDC Data Entry to include total late forms for average and max late tables,exact,
CDM-296,TESTCDM-368,Subtask,Update filter for late forms listing,exact,
CDM-375,TESTCDM-369,Subtask,Add S37 Sub-I Information,exact,
CDM-201,TESTCDM-370,Task,DELFI-L201 Protocol Deviation Review,exact,
CDM-249,TESTCDM-371,Subtask,Update CT and BC windows and Clarify Conditions for CT Scan Upload,exact,
CDM-396,TESTCDM-372,Subtask,Add S37 Sub-Ids,exact,
CDM-204,TESTCDM-373,Task,Clario SFTP to S3 scripts,exact,
CDM-224,TESTCDM-374,Task,DELFI-L201 Suspicious Cases Without Pathology Reports,exact,
CDM-237,TESTCDM-375,Subtask,Add New Column: Cancer Yes/No,exact,
CDM-244,TESTCDM-376,Subtask,Update logic to summarize Clario report to have unique records,exact,
CDM-247,TESTCDM-377,Subtask,[Bug Fix] Address review status joining issues,exact,
CDM-251,TESTCDM-378,Subtask,Add ClinOps Reviewer Column,exact,
CDM-225,TESTCDM-379,Task,L201 Jupyter Notebook EDC Metrics,exact,
CDM-275,TESTCDM-380,Subtask,Transition L201 Jupyter Notebook EDC Metrics to using PositConnect and Restructure Outputs,exact,
CDM-309,TESTCDM-381,Subtask,Create Bubble Plots for EDC Metrics,exact,
CDM-346,TESTCDM-382,Subtask,Minor bubble plot updates,exact,
CDM-355,TESTCDM-383,Subtask,Update SDV bubble label threshold,exact,
CDM-376,TESTCDM-384,Subtask,Add logic to handle sub site columns,exact,
CDM-248,TESTCDM-385,Task,DELFI-L201 Re-Enrollment List,exact,
CDM-257,TESTCDM-386,Task,DELFI-L201 Lung RADS 4 - Expected Pathology,exact,
CDM-270,TESTCDM-387,Task,DELFI-L201 Plasma Volume Verification,exact,
CDM-271,TESTCDM-388,Task,DELFI-L201 Sample Recollection Due to Hemolysis,exact,
CDM-282,TESTCDM-389,Task,DELFI-L201 Other Cancer Type Review,collision-resolved,"shared summary with 1 other(s); picked lowest unused: CDM-282 from ['CDM-282', 'CDM-285']"
CDM-283,TESTCDM-390,Task,Upload Clario Data to S3,exact,
CDM-284,TESTCDM-391,Task,Create a utility script for restoring old comments,exact,
CDM-285,TESTCDM-392,Task,DELFI-L201 Other Cancer Type Review,collision-resolved,shared summary with 1 other(s); picked first unused
CDM-332,TESTCDM-393,Subtask,Add Other Cancer Type to pipeline,exact,
CDM-304,TESTCDM-394,Task,L201 Clario Workflow Metadata Update,exact,
CDM-305,TESTCDM-395,Task,DELFI-L201 EDC Release v3 - Missing Datapoints,exact,
CDM-307,TESTCDM-396,Task,DELFI-L201 EDC Release v3 - tSDV Alignment,exact,
CDM-308,TESTCDM-397,Task,DELFI-L201 L101 Enrollment Verification Listing,exact,
CDM-318,TESTCDM-398,Task,DELFI-L201 Suspicious Nodule Case Tracker,exact,
CDM-335,TESTCDM-399,Subtask,Add pathology column and rearrange confirmed cancer column,exact,
CDM-354,TESTCDM-400,Subtask,Add enrollment columns and 4mfu query status columns,exact,
CDM-362,TESTCDM-401,Subtask,Merge review status and comments from previous suspicous nodules listing,exact,
CDM-366,TESTCDM-402,Subtask,Add cancer type and provisional cancer status variables,exact,
CDM-374,TESTCDM-403,Subtask,Add Clario Visit Hyperlinks to Enrollment Clario Visit Status and 4MFU Clario Visit Status Fields,exact,
CDM-378,TESTCDM-404,Subtask,Add Participant Disposition Status and Discontinuation Reason,exact,
CDM-379,TESTCDM-405,Subtask,Clario Enrollment and 12MFU Cancer Case Tracker,exact,
CDM-415,TESTCDM-406,Subtask,Fix multiple 4MFU visit,exact,
CDM-425,TESTCDM-407,Subtask,Add MM tab to Clario Case Tracker,exact,
CDM-446,TESTCDM-408,Subtask,Add Confirmed Cancer Tracker,exact,
CDM-474,TESTCDM-409,Subtask,DQR Listings - L201 Add a column in 4 and 12 mo tabs to note DELFI re-review complete ,exact,
CDM-323,TESTCDM-410,Task,L201 tSDV Monitoring Report,exact,
CDM-329,TESTCDM-411,Task,Automate slide generation for the Centralized Data Review meeting,exact,
CDM-330,TESTCDM-412,Subtask,Subset and reorder tables by total participants per site,exact,
CDM-331,TESTCDM-413,Subtask,Create parallel file to streamline slide generation,exact,
CDM-340,TESTCDM-414,Task,Derived RADS Score Listing,exact,
CDM-618,TESTCDM-415,Subtask,DELFI-L201 Derived RADS Score Review: Fix duplicate record issue,exact,
CDM-345,TESTCDM-416,Task,Inclusion #2-4 Duplication Bug for Issue Generation,exact,
CDM-371,TESTCDM-417,Task,DELFI-L201 General Edit Checks Structure,exact,
CDM-372,TESTCDM-418,Subtask,DELFI-L201 Inactivated Casebooks Check,exact,
CDM-373,TESTCDM-419,Subtask,DELFI-L201 Suspicious Criteria Checks,exact,
CDM-380,TESTCDM-420,Task,Retired L201 Suspicous Nodules Pathology listing,exact,
CDM-384,TESTCDM-421,Task,L201 PPD KPIs,exact,
CDM-385,TESTCDM-422,Task,PPD Report Add Total S37 summation row,exact,
CDM-387,TESTCDM-423,Task,L201 Inclusion #5 Duplicate Fix in join df,exact,
CDM-391,TESTCDM-424,Task,DELFI-L201 Duplicate Enrollment Review,exact,
CDM-416,TESTCDM-425,Task,DELFI-L201 Surf Search Posit-Connect Report,exact,
CDM-423,TESTCDM-426,Subtask,Bug fix: Issue found in Surf_Searcher_Report when generating the tube_barcode_id selection list.,exact,
CDM-417,TESTCDM-427,Task,Add latest ALS to AWS directory,exact,
CDM-418,TESTCDM-428,Task,CDR Updates from August Meeting,exact,
CDM-426,TESTCDM-429,Task,Provisional Cancer Weekly Summary,exact,
CDM-438,TESTCDM-430,Subtask,Fix order of visit status,exact,
CDM-432,TESTCDM-431,Task,General Comments DQR Listing,exact,
CDM-439,TESTCDM-432,Task,L201 EDC-LIMS Monthly Metrics,exact,
CDM-471,TESTCDM-433,Task,Update 12M FUP Report,exact,
CDM-478,TESTCDM-434,Task,DQR Listings - L201 Calculated Values ,exact,
CDM-479,TESTCDM-435,Task,DQR Listings - L201 Eligibility PD Listing,exact,
CDM-480,TESTCDM-436,Task,L201: CPT: Completion Status,exact,
CDM-484,TESTCDM-437,Task,DQR Listings - L201 Reconcile Duplicate Lung Cancers ,exact,
CDM-485,TESTCDM-438,Task,DQR Listings - L201 12 M FUV and Disposition,exact,
CDM-486,TESTCDM-439,Task,DELFI-L201: Lung Rads Score Not Reported DQR,exact,
CDM-492,TESTCDM-440,Task,L201: Missing 4 month follow up visit for PPD,exact,
CDM-508,TESTCDM-441,Task,DQR Listings - L201 Disposition Cross Check,exact,
CDM-511,TESTCDM-442,Task,L201 Metric Report Update Missing Forms,exact,
CDM-512,TESTCDM-443,Task,L201 Remove sites 1084 and 1054 from all metrics reports and dashboards,exact,
CDM-516,TESTCDM-444,Task,L201 DQR Protocol Deviation Listing Updates,exact,
CDM-527,TESTCDM-445,Subtask,Add script to cdm_monorepo that uploads ppd deviations file to s3,exact,
CDM-537,TESTCDM-446,Subtask,Write exports of full DELFI Protocol Deviations to s3,exact,
CDM-523,TESTCDM-447,Task,DELIF-L201: Duplicate records found on Late Forms Listing,exact,
CDM-532,TESTCDM-448,Task,DELFI-L201: EDC Incomplete Forms Table,exact,
CDM-544,TESTCDM-449,Task,DELFI-L201: Refactor CDM files to incorporate Clario Reports v2.0,exact,
CDM-583,TESTCDM-450,Task,L201 Clario Case Tracker Update,exact,
CDM-587,TESTCDM-451,Subtask,"Duplicate ""Nodule Review Visit Status"" columns fix",exact,
CDM-584,TESTCDM-452,Task,L201 Tube Kit Order PDF scraper,exact,
CDM-585,TESTCDM-453,Task,L201 Tube Order PDF scraper,exact,
CDM-586,TESTCDM-454,Task,L201 Clario Case Tracker - Add Nodule Review Tracking tabs,exact,
CDM-588,TESTCDM-455,Task,Scrape the remaining Therapak orders,exact,
CDM-589,TESTCDM-456,Task,Create a final report for combined Therapak order forms,exact,
CDM-594,TESTCDM-457,Task,Update to the Clario Case Tracker tab,exact,
CDM-597,TESTCDM-458,Task,DELFI-L201: Subsolid Nodule Listing - PPD Ad Hoc Listing,exact,
CDM-672,TESTCDM-459,Subtask,Sub-Solid Nodule Flag,exact,
CDM-598,TESTCDM-460,Task,Update Clario Recon Report to align with modified Clario data transfers,exact,
CDM-601,TESTCDM-461,Task,L201 DQR Reconciling EDC and Clario Enrollment CT data,exact,
CDM-608,TESTCDM-462,Task,DELFI-L201 Kit Expiration and Sample Collection Date Review,exact,
CDM-609,TESTCDM-463,Task,DELFI-L201: Clario Enrollment CT Nodule Extractions DQR,exact,
CDM-617,TESTCDM-464,Subtask,Fix spelling error for nolocot variable and correct mutate logic for other specify not expected column,exact,
CDM-610,TESTCDM-465,Task,DELFI-L201: Clario Case Tracker - LTFUVI Case Tracker,exact,
CDM-649,TESTCDM-466,Subtask,"Add MM Comments column to the 4 Month Case Tracker, 12 Month Case Tracker, and LTFU Case Tracker",exact,
CDM-669,TESTCDM-467,Subtask,"Add new manually actioned column called ""Staging Information"" to the 4 Month Case Tracker, 12 Month Case Tracker, and LTFU Case Tracker",exact,
CDM-611,TESTCDM-468,Task,"DELFI-L201: Add LT_CON, RECON, and VISDT_LT parque data to pipeline",exact,
CDM-612,TESTCDM-469,Task,Enrollment LDCT ADaM Derivation,exact,
CDM-613,TESTCDM-470,Task,DELFI-L201: Lung RADS Not Reported Listing - PPD Ad Hoc Listing,exact,
CDM-614,TESTCDM-471,Task,DELFI-L201: Lung RADS 0 Listing - PPD Ad Hoc Listing,exact,
CDM-615,TESTCDM-472,Task,DELFI-L201: 12M Negative Biopsy Listing - PPD Ad Hoc Listing,exact,
CDM-616,TESTCDM-473,Task,DELFI-L201: LTFUV1 Expected - PPD Ad Hoc Listing,exact,
CDM-664,TESTCDM-474,Subtask,DELFI-L201: The deprecate ad hoc site specific google sheet write out,exact,
CDM-620,TESTCDM-475,Task,DELFI-L201: Fix API request limit issue caused while running cdm_export_ppd_adhoc_site_reports.R ,exact,
CDM-630,TESTCDM-476,Subtask,DELFI-L201: Increase sleep duration and set reports to run on Saturdays only,exact,
CDM-621,TESTCDM-477,Task,DELFI-L201: Status Data for ClinOps Reporting Tool,exact,
CDM-622,TESTCDM-478,Task,DELFI-L201: Clario Case Tracker - Nodule Review Tracker,exact,
CDM-623,TESTCDM-479,Subtask,DELFI-L201: Add new columns to confirm that the clario forms are complete and to confirm that the oversight review has resolved,exact,
CDM-624,TESTCDM-480,Subtask,DELFI-L201: Add Clario Latest Raw last run time,exact,
CDM-625,TESTCDM-481,Task,DELFI-L201 Status Data for ClinOps Reporting Ad Hoc Report,exact,
CDM-628,TESTCDM-482,Subtask,LTFU Expected Cases: Performed vs Pending Metrics,exact,
CDM-626,TESTCDM-483,Task,DELFI-L201: Clario Case Tracker - 12MFU Case Tracker,exact,
CDM-627,TESTCDM-484,Subtask,Fix clario_case_tracker_adsl_12mfu_data_processing() filter issue,exact,
CDM-629,TESTCDM-485,Task,DELFI-L201: Protocol Team Ad hoc request,exact,
CDM-632,TESTCDM-486,Task,DELFI-L201 LTFU Visit Admin Letter Ad Hoc Site Listing,exact,
CDM-633,TESTCDM-487,Task,DELFI-L201: Medical History Amendment 3 Field Entry,exact,
CDM-634,TESTCDM-488,Task,DELFI-L201: Seqster Data Request v1,exact,
CDM-635,TESTCDM-489,Task,DELFI-L101: PPD Report - Missing Data - EDC Release v4,exact,
CDM-636,TESTCDM-490,Task,DELFI-L201: Update Config to reference latest DBMOD supplemental files,exact,
CDM-638,TESTCDM-491,Task,DELFI-L201: Clario Case Tracker - Confirmed Lung Cancers,exact,
CDM-639,TESTCDM-492,Subtask,Fix - confirmed cancers and non-cancers are not populating in the tables.,exact,
CDM-640,TESTCDM-493,Task,DELFI-L201: Clario Case Tracker - Confirmed Non-Lung Cancers,exact,
CDM-641,TESTCDM-494,Task,DELFI-L201: Clario Case Tracker - MM Provisional Case Tracker ,exact,
CDM-642,TESTCDM-495,Subtask,Updated MM Provisional Case Tracker to include LTFUV cases,exact,
CDM-646,TESTCDM-496,Task,Create a daily report for missing pages,exact,
CDM-648,TESTCDM-497,Task,Remove filter for missing pages CPT tab,exact,
CDM-650,TESTCDM-498,Task,DELFI-L201: Threshold Release - Clinical Data Cleaning Plan,exact,
CDM-651,TESTCDM-499,Subtask,DELFI-L201: Threshold Analysis - Draft CDCP & send to team for review,exact,
CDM-652,TESTCDM-500,Subtask,DELFI-L201: Threshold Analysis - Team review of draft CDCP,exact,
CDM-653,TESTCDM-501,Subtask,DELFI-L201: Threshold Analysis - Incorporate feedback on CDCP,exact,
CDM-654,TESTCDM-502,Subtask,DELFI-L201: Threshold Analysis - Finalize and Sign CDCP,exact,
CDM-655,TESTCDM-503,Task,DELFI-L201: Threshold Release - Cleaning Activities,exact,
CDM-656,TESTCDM-504,Subtask,DELFI-L201: Threshold Release - Create Clean Patient Tracker for study level clean status metrics,exact,
CDM-657,TESTCDM-505,Subtask,DELFI-L201: Threshold Release - Add clean patient tracker columns for clean status specific to the threshold release,exact,
CDM-658,TESTCDM-506,Subtask,DELFI-L201: Threshold Release - All Data Quality Reviews in Reviewed-Queried State and all queries issued,exact,
CDM-659,TESTCDM-507,Subtask,DELFI-L201: Threshold Release - All Data Quality Reviews in Reviewed Status and Answered Queries Closed,exact,
CDM-660,TESTCDM-508,Task,DELFI-L201: Threshold Release - Clinical Data Snapshot Activities,exact,
CDM-662,TESTCDM-509,Subtask,Draft and circulate the Clinical Data Snapshot Release Approval for team review,exact,
CDM-661,TESTCDM-510,Subtask,Generate s3 folder locations for L201 Clinical Data,exact,
CDM-663,TESTCDM-511,Subtask,Finalize and Sign the Clinical Data Snapshot Release Approval form,exact,
CDM-665,TESTCDM-512,Subtask,Complete Snapshot of Clinical Data Sets and supplemental files. ,exact,
CDM-666,TESTCDM-513,Task,Resolve multiple cancer records for Clario derivation in l201datar,exact,
CDM-673,TESTCDM-514,Task,L201 Ad Hoc Listing Request for SEQSTER TRB,exact,
CDM-692,TESTCDM-515,Subtask,"Add columns for data entry completed (count & percent), percent for completed per protocol cols, suspicious nodule cols, and Add new sheet for site 1037 sub sites.",exact,
CDM-693,TESTCDM-516,Subtask,Update columns `Number of participants with LTFUV D912 Data Entered` & `Number of participants with LTFUV D912 Completed Per Protocol`,exact,
CDM-696,TESTCDM-517,Subtask,Correct enrolled counts and ltfu completed counts per site,exact,
CDM-675,TESTCDM-518,Task,IE - PD Listing: New Sheet in Protocol Deviation Review DQR,exact,
CDM-686,TESTCDM-519,Subtask,IE - PD Listing sheet name/link is not populating in the Data Quality Review Manager,exact,
CDM-697,TESTCDM-520,Task,DELFI-L201: Medical Monitoring Non-Cancer Case Review,exact,
CDM-467,TESTCDM-521,Epic,DELFI-L301,exact,
CDM-468,TESTCDM-522,Task,Create Chapter 1 Tracker,exact,
CDM-482,TESTCDM-523,Task,DELFI-L301: Build Chapter 2 Checker,exact,
CDM-483,TESTCDM-524,Task,DELFI-L301: Update Chapter 1 Checker to include new Medrio source file path,exact,
CDM-500,TESTCDM-525,Task,L301: Create L301 Bulk Upload Pre-Checker,exact,
CDM-505,TESTCDM-526,Task,L301: Update Chapter 1 Checker for DARTNet,exact,
CDM-506,TESTCDM-527,Task,L301: Update Chapter 2 Checker for DARTNet,exact,
CDM-515,TESTCDM-528,Task,Create DQR: Lung cancer diagnosis of 2022 or later.,exact,
CDM-517,TESTCDM-529,Task,Create participant id creation tracker,exact,
CDM-518,TESTCDM-530,Task,Create Outcomes collector and sorter,exact,
CDM-519,TESTCDM-531,Task,DQR: date of last practice visit query manager,exact,
CDM-520,TESTCDM-532,Task,DQR: enrollment date manager,exact,
CDM-521,TESTCDM-533,Task,DQR: outcomes data checker,exact,
CDM-522,TESTCDM-534,Task,DQR: FLL data checker,exact,
CDM-524,TESTCDM-535,Task,L301: Various small fixes.,exact,
CDM-526,TESTCDM-536,Task,SSHC specific clean patient tracker,exact,
CDM-551,TESTCDM-537,Task,L301: Create data stitcher,exact,
CDM-552,TESTCDM-538,Task,Form Status report,exact,
CDM-553,TESTCDM-539,Task,Add FLL tracker and Outcomes Wrangler to Dagster pipeline,exact,
CDM-554,TESTCDM-540,Task,DQR: Years Since Quit = 0,exact,
CDM-559,TESTCDM-541,Task,L301: Ops MA data crawler,exact,
CDM-564,TESTCDM-542,Task,DQR: Update EMR data currency logic to indicate whether we've received transfers for each month since 01Oct2024,exact,
CDM-590,TESTCDM-543,Task,Add functions to cdm pipeline,exact,
CDM-631,TESTCDM-544,Task,Updates and fixes for L301 DBL,exact,
CDM-11,TESTCDM-545,Task,Clinical Data Lock SOP,exact,
CDM-31,TESTCDM-546,Task,Determine Data Lock Mechanism,exact,
CDM-86,TESTCDM-547,Task,CDM Team Discussion Topics,exact,
CDM-87,TESTCDM-548,Subtask,Data handling for age-related PHI (e.g. ages >= 90),exact,
CDM-115,TESTCDM-549,Task,Intro to R,exact,
CDM-117,TESTCDM-550,Subtask,Read up on dplyr package,exact,
CDM-116,TESTCDM-551,Subtask,Find a R course that goes over R-Shiny,exact,
CDM-120,TESTCDM-552,Task,Review FU dataset component data export to ensure all expected variables are being exported,exact,
CDM-121,TESTCDM-553,Task,Set up AWS Credentials for Accessing S3,exact,
CDM-126,TESTCDM-554,Task,Update System Access Requests Confluence Page,exact,
CDM-139,TESTCDM-555,Task,CDM: L101 Database Update v.12: UAT: BC.BCREFID Field update,exact,
CDM-140,TESTCDM-556,UAT Tests,CDM: L101 Database Update v.12: UAT: BC.BCREFID Field update: R1.01,exact,
CDM-141,TESTCDM-557,UAT Tests,CDM: L101 Database Update v.12: UAT: BC.BCREFID Field update: R1.02,exact,
CDM-142,TESTCDM-558,UAT Tests,CDM: L101 Database Update v.12: UAT: BC.BCREFID Field update: R1.03,exact,
CDM-143,TESTCDM-559,Task,CLONE - CDM: L101 Database Update v.12: UAT:,exact,
CDM-153,TESTCDM-560,Task,DELFI-L101 NYU Queries,exact,
CDM-157,TESTCDM-561,EDC Requirement,TEST ISSUE (L101 Database Update v.12),exact,
CDM-160,TESTCDM-562,EDC Requirement,testy,exact,
CDM-161,TESTCDM-563,Task,EDC Build Management - Database Specification Comparison,exact,
CDM-170,TESTCDM-564,Task,Translational Research: Dashboard v1,exact,
CDM-183,TESTCDM-565,Task,Investigate JIRA API for TR Dashboard,exact,
CDM-188,TESTCDM-566,Task,DELFI-L101 CPT Priority column update,exact,
CDM-190,TESTCDM-567,Task,Science Engineering & Technology Presentation,exact,
CDM-197,TESTCDM-568,Task,Translational Research Castor Edit Check Listings,exact,
CDM-200,TESTCDM-569,Task,DELFI-L101: Cancer Status Review Dropped Review Status Issue,exact,
CDM-202,TESTCDM-570,Task,DELFI-L101: Cancer Status Review - Refactor date read-write code,exact,
CDM-226,TESTCDM-571,Task,Data Release Process Improvements,exact,
CDM-228,TESTCDM-572,Task,DELFI-L101 Refactor l101datar cdm managed files,exact,
CDM-241,TESTCDM-573,Task,DELFI-L201 Pipeline Refactor Update to delfiawsr::read_s3(),exact,
CDM-258,TESTCDM-574,Task,DELFI-L101: Requirements for creating Site 201-299 ,exact,
CDM-261,TESTCDM-575,Task,Update NYU FANSS Tube Barcode IDs,exact,
CDM-268,TESTCDM-576,Task,LEMA: Merge new columns,exact,
CDM-272,TESTCDM-577,Task,TS: Automate Final Data S3 folder into one Excel workbook,exact,
CDM-281,TESTCDM-578,Task,Create Non-cancer Control dataset,exact,
CDM-293,TESTCDM-579,Task,DELFI-L201 Clario Workflow Review Tracker,exact,
CDM-294,TESTCDM-580,Task,TS: Merge JHU data sources,exact,
CDM-295,TESTCDM-581,Task,TS: Clean Foda dataset,exact,
CDM-321,TESTCDM-582,Task,DELFI-L101: Inclusion 2-4 listing issue,exact,
CDM-325,TESTCDM-583,Task,Add Distinct to delfiawsr gsheet read-in,exact,
CDM-326,TESTCDM-584,Task,TS: JHU Pembro updates,exact,
CDM-328,TESTCDM-585,Task,TS: JHUPembro further updates,exact,
CDM-334,TESTCDM-586,Task,DELFI-L101: Ad hoc Report - Chest CT Scan Review,exact,
CDM-336,TESTCDM-587,Task,TS: JHU Pembro resolve WGS/MAF timepoint gaps,exact,
CDM-337,TESTCDM-588,Task,TS: JHUPembro EPR reports,exact,
CDM-339,TESTCDM-589,Task,TS: Further JHU Pembro edits,exact,
CDM-347,TESTCDM-590,Subtask,error,exact,
CDM-344,TESTCDM-591,Task,TS: JHUPembro 6 additional patients,exact,
CDM-359,TESTCDM-592,Task,Unique Identifier Creation for rows in DQR Listings,exact,
CDM-361,TESTCDM-593,Task,TS: Curate LEMA analysis set.,exact,
CDM-367,TESTCDM-594,Task,DELFI-L201 Erroneous Clario 4MFU Visits,exact,
CDM-368,TESTCDM-595,Task,DELFI-L101: Refactor Data Quality Review Pipeline Code,exact,
CDM-369,TESTCDM-596,Subtask,cdm_s3_export function,exact,
CDM-377,TESTCDM-597,Task,API Learning,exact,
CDM-389,TESTCDM-598,Task,TS: Create Liver checker,exact,
CDM-390,TESTCDM-599,Task,Time Card Pilot,exact,
CDM-392,TESTCDM-600,Task,Update L201 SURF Read In files to parquet,exact,
CDM-408,TESTCDM-601,Task,CDR Updates,exact,
CDM-421,TESTCDM-602,Task,CDR Cancer Details,exact,
CDM-429,TESTCDM-603,Task,Programmatic DQR Gsheet,exact,
CDM-430,TESTCDM-604,Task,December CDR Updates,exact,
CDM-449,TESTCDM-605,Task,12MFU Expected Monthly Cumulative Pcts,exact,
CDM-450,TESTCDM-606,Task,January CDR Updates,exact,
CDM-469,TESTCDM-607,Task,Update metrics/dashboard to reflect 12MFU visit expectation,exact,
CDM-475,TESTCDM-608,Task,DQR Listings - L201 Lung Cancer Staging TNM vs Group Stage review,exact,
CDM-476,TESTCDM-609,Task,DQR Listings - L201 Lung cancer histology,exact,
CDM-477,TESTCDM-610,Task,DQR Listings - L201 Check CT scan for similar/duplicate day,exact,
CDM-481,TESTCDM-611,Task,"TS: Update CPS checker logic BIL, ALB, INR",exact,
CDM-513,TESTCDM-612,Task,Create L301 Clean Patient Tracker,exact,
CDM-514,TESTCDM-613,Task,Create System Query Report,exact,
CDM-529,TESTCDM-614,Task,L201 DQR Listings - Similar Participant Data Review,exact,
CDM-530,TESTCDM-615,Task,L201 DQR Listings - Patient Profiles,exact,
CDM-531,TESTCDM-616,Task,L201 DQR Listings - Exclusion 3-8 ,exact,
CDM-534,TESTCDM-617,Task,4ITLR: create AJCC lung cancer check,exact,
CDM-535,TESTCDM-618,Task,Onom: Add Imaging export checks to DQR,exact,
CDM-536,TESTCDM-619,Task,Onom DQR Checks: (1) Primary Outcomes tab,exact,
CDM-538,TESTCDM-620,Task,L201 CPT Update - Participant Numbers,exact,
CDM-539,TESTCDM-621,Task,L201 CPT Update - Inactivated Participants,exact,
CDM-540,TESTCDM-622,Task,L201 CPT Update - Sort Order for Participants,exact,
CDM-541,TESTCDM-623,Task,L201 CPT Update - Missing Participants,exact,
CDM-542,TESTCDM-624,Task,L201 CPT Update - Overall Clean Status,exact,
CDM-545,TESTCDM-625,Task,Onom DQR Checks: (2) Baseline Characteristics ,exact,
CDM-605,TESTCDM-626,Task,Add data stitcher to `analyses`,exact,
CDM-637,TESTCDM-627,Task,DELFI-L201: Clario Case Tracker - MM Clario Case Tracker,exact,
CDM-647,TESTCDM-628,Task,DELFI-L201: Inactive Participant List - Add site number column,exact,
CDM-671,TESTCDM-629,Task,DELFI-L201: Ad hoc site 1037 report,exact,
CDM-676,TESTCDM-630,Epic,L201 Data Snapshot for CV Readout,exact,
CDM-677,TESTCDM-631,Epic,Data Snapshots for AV studies,exact,
CDM-678,TESTCDM-632,Epic,AV and CV data sets for IVD Classifier Locking,exact,
CDM-679,TESTCDM-633,Epic,4ITLR clinical participant and sample processing pipeline,exact,
CDM-680,TESTCDM-634,Epic,4ITLR clinical and analytical dataset,exact,
